,휴게소명,도로종류,도로노선명,도로노선방향,위도,경도,휴게소종류,휴게소운영시작시각,휴게소운영종료시각,경정비가능여부,주유소유무,LPG충전소유무,전기차충전소유무,버스환승가능여부,쉼터유무,화장실유무,약국유무,수유실유무,매점유무,음식점유무,휴게소대표음식명,휴게소전화번호,전화번호,편의시설,ex-화물차라운지,세차장
0,현풍(대구 방향),고속국도,중부내륙지선,상행,35.701841,128.4381001,일반휴게소,00:00,23:59,N,Y,Y,Y,N,N,Y,N,Y,Y,Y,현풍돼지불고기백반,053-615-0337,053-615-0337,"수유실,농산물판매장,쉼터",N,N
1,현풍(창원 방향),고속국도,중부내륙지선,하행,35.701783,128.435359,일반휴게소,00:00,23:59,N,Y,Y,Y,N,Y,Y,N,Y,Y,Y,현풍고추장불고기백반,053-614-2436,053-614-2436,"수유실,농산물판매장,쉼터",N,N
2,홍성(목포 방향),고속국도,서해안선,하행,36.552584,126.579514,일반휴게소,00:00,23:59,N,Y,Y,Y,N,Y,Y,N,Y,Y,Y,홍성반상한우국밥,041-642-1151,041-642-1151,"수유실,쉼터",N,N
3,홍성(서울 방향),고속국도,서해안선,상행,36.5524301,126.5818701,일반휴게소,00:00,23:59,N,Y,Y,Y,N,Y,Y,N,Y,Y,Y,홍성반상한우국밥,041-642-1172,041-642-1172,"수유실,쉼터",N,N
4,홍천(서울 방향),고속국도,서울양양선,상행,37.758898,128.0065801,일반휴게소,00:00,23:59,N,Y,Y,Y,N,Y,Y,N,Y,Y,Y,중화비빔밥,033-436-9000,033-436-9000,"수유실,농산물판매장",N,N
5,홍천(양양 방향),고속국도,서울양양선,하행,37.757369,128.003099,일반휴게소,00:00,23:59,N,Y,Y,Y,N,N,Y,N,Y,Y,Y,홍천닭갈비화로구이,033-436-3000,033-436-3000,"수유실,농산물판매장",N,N
6,홍천강(춘천 방향),고속국도,중앙선,상행,37.712386,127.827719,일반휴게소,00:00,23:59,N,Y,Y,Y,N,N,Y,N,Y,Y,Y,얼큰황태순두부_주물솥밥,033-435-1201,033-435-1201,수유실,N,N
7,화서(영덕 방향),고속국도,당진영덕선,상행,36.444053,127.922637,일반휴게소,00:00,23:59,N,Y,Y,Y,N,N,Y,N,Y,Y,Y,제육볶음,054-531-1982,054-531-1982,"수유실,샤워실,세탁실,농산물판매장,쉼터",N,N
8,화성(목포 방향),고속국도,서해안선,하행,37.143612,126.8790801,일반휴게소,00:00,23:59,N,Y,Y,Y,N,N,Y,N,Y,Y,Y,화성궁중비빔밥,031-353-8140,031-353-8140,수유실,N,Y
9,화성(서울 방향),고속국도,서해안선,상행,37.143497,126.881289,일반휴게소,00:00,23:59,N,Y,Y,Y,N,Y,Y,N,Y,Y,Y,순두부청국장,031-353-8143,031-353-8143,"수유실,농산물판매장",N,Y
10,황간(부산 방향),고속국도,경부선,하행,36.248899,127.8526701,일반휴게소,00:00,23:59,N,Y,Y,Y,N,Y,Y,N,Y,Y,Y,영표국밥＆솥밥,043-742-5805,043-742-5805,"수유실,농산물판매장",N,N
11,황간(서울 방향),고속국도,경부선,상행,36.249437,127.854835,일반휴게소,00:00,23:59,N,Y,N,Y,N,Y,Y,N,Y,Y,Y,영표국밥＆솥밥,043-742-7633,043-742-7633,"수유실,농산물판매장",N,N
12,황전(순천 방향),고속국도,순천완주선,하행,35.148905,127.454145,일반휴게소,00:00,23:59,N,Y,Y,Y,N,Y,Y,N,Y,Y,Y,"고소한 수제돈가스, 남도식국물잡채",061-782-1135,061-782-1135,"수유실,쉼터",N,N
13,황전(완주 방향),고속국도,순천완주선,상행,35.153306,127.454683,일반휴게소,00:00,23:59,N,Y,Y,Y,N,Y,Y,N,Y,Y,Y,"황전해초꼬막비빔밥, 재첩국",061-782-1154,061-782-1154,"수유실,쉼터",N,N
14,횡성(강릉 방향),고속국도,영동선,하행,37.462755,128.133969,일반휴게소,00:00,23:59,N,Y,Y,Y,Y,Y,Y,N,Y,Y,Y,횡성한우떡더덕스테이크,033-342-4231,033-342-4231,"수유실,농산물판매장,쉼터",N,N
15,횡성(인천 방향),고속국도,영동선,상행,37.464983,128.135449,일반휴게소,00:00,23:59,N,Y,Y,Y,Y,Y,Y,N,Y,Y,Y,횡성더덕설렁탕,033-342-4200,033-342-4200,"수유실,농산물판매장,쉼터",N,N
16,청주(서울 방향),고속국도,경부선,상행,36.716005,127.349315,화물차휴게소,00:00,23:59,N,Y,Y,Y,N,Y,Y,N,Y,Y,Y,솥밥통마늘제육정식,043-237-1700,043-237-1700,"수유실,수면실,샤워실,세탁실,쉼터",Y,N
17,청통(대구 방향),고속국도,대구포항선,하행,35.993928,128.859145,일반휴게소,00:00,23:59,N,Y,Y,Y,N,Y,Y,N,Y,Y,Y,차돌된장찌개,054-337-5009,054-337-5009,"수유실,쉼터",N,N
18,추풍령(부산 방향),고속국도,경부선,하행,36.200356,128.000331,일반휴게소,00:00,23:59,Y,Y,Y,Y,N,N,Y,N,Y,Y,Y,얼큰칼제비,054-430-2000,054-430-2000,"수유실,수면실,샤워실,세탁실,쉼터",Y,N
19,추풍령(서울 방향),고속국도,경부선,상행,36.199708,128.003242,일반휴게소,00:00,23:59,Y,Y,Y,Y,N,Y,Y,N,Y,Y,Y,김천지례석쇠불고기,054-439-3187,054-439-3187,"수유실,수면실,샤워실,세탁실,농산물판매장,쉼터",Y,N
20,춘천(부산 방향),고속국도,중앙선,하행,37.8126801,127.766078,일반휴게소,00:00,23:59,N,Y,Y,Y,N,Y,Y,N,Y,Y,Y,춘천버섯닭갈비정식,033-264-0500,033-264-0500,"수유실,쉼터",N,N
21,춘향(순천 방향),고속국도,순천완주선,하행,35.3367566,127.3515503,일반휴게소,00:00,23:59,N,Y,N,N,N,Y,Y,N,Y,Y,Y,"향단이정식, 방자네추어탕",063-631-2020,063-631-2020,"수유실,쉼터",N,N
22,춘향(완주 방향),고속국도,순천완주선,상행,35.3376914,127.3537495,일반휴게소,00:00,23:59,N,Y,N,N,N,Y,Y,N,Y,Y,Y,"향단이정식, 방자네추어탕",063-635-6688,063-635-6688,"수유실,쉼터",N,N
23,충주(양평 방향),고속국도,중부내륙선,상행,37.023175,127.839297,일반휴게소,00:00,23:59,N,Y,Y,Y,N,N,Y,N,Y,Y,Y,얼큰새뱅이해물순두부,043-857-9229,043-857-9229,"수유실,수면실,샤워실,세탁실,농산물판매장,쉼터",Y,N
24,충주(창원 방향),고속국도,중부내륙선,하행,37.022229,127.837071,일반휴게소,00:00,23:59,N,Y,Y,Y,N,Y,Y,N,Y,Y,Y,충주사과수제돈가스,043-857-9339,043-857-9339,"수유실,수면실,샤워실,세탁실,농산물판매장,쉼터",Y,N
25,치악(부산 방향),고속국도,중앙선,상행,37.253647,128.048514,일반휴게소,00:00,23:59,N,Y,Y,Y,N,Y,Y,N,Y,Y,Y,산나물만두감자옹심이,033-762-9234,033-762-9234,"수유실,농산물판매장,쉼터",N,N
26,치악(춘천 방향),고속국도,중앙선,하행,37.256692,128.0488701,일반휴게소,00:00,23:59,N,Y,Y,Y,N,N,Y,N,Y,Y,Y,치악산큰송이닭곰탕,033-762-8030,033-762-8030,"수유실,농산물판매장,쉼터",N,N
27,칠곡(부산 방향),고속국도,경부선,하행,36.019795,128.428517,화물차휴게소,00:00,23:59,N,Y,Y,Y,N,Y,Y,N,Y,Y,Y,칠곡호국부대찌개,054-975-2277,054-975-2277,"수유실,수면실,샤워실,세탁실,농산물판매장,쉼터",Y,N
28,칠곡(서울 방향),고속국도,경부선,상행,36.012005,128.4308001,일반휴게소,00:00,23:59,Y,Y,Y,Y,N,Y,Y,N,Y,Y,Y,대구따로국밥,054-975-1883,054-975-1883,"수유실,수면실,샤워실,세탁실,농산물판매장,쉼터",Y,Y
29,칠서(양평 방향),고속국도,중부내륙지선,상행,35.3708801,128.496807,일반휴게소,00:00,23:59,Y,Y,Y,Y,N,Y,Y,N,Y,Y,Y,소고기국밥,055-587-9656,055-587-9656,"수유실,수면실,샤워실,세탁실,농산물판매장,쉼터",Y,N
30,통도사(부산 방향),고속국도,경부선,하행,35.488841,129.090775,일반휴게소,00:00,23:59,N,Y,Y,Y,N,N,Y,N,Y,Y,Y,1등급한우국밥,055-383-6145,055-383-6145,"수유실,쉼터",N,N
31,통도사(부산 방향),고속국도,경부선,,35.488787,129.090782,일반휴게소,00:00,24:00,,Y,Y,Y,N,Y,Y,,Y,Y,Y,,055-383-6145,055-383-6145,"수유실,쉼터",N,N
32,평사(부산 방향),고속국도,경부선,하행,35.885522,128.867541,일반휴게소,00:00,23:59,N,Y,Y,Y,N,N,Y,N,Y,Y,Y,경산대추비빔밥,053-852-8651,053-852-8651,"수유실,수면실,샤워실,세탁실,쉼터",Y,N
33,평창(강릉 방향),고속국도,영동선,하행,37.6055701,128.452681,일반휴게소,00:00,23:59,N,Y,Y,Y,N,N,Y,N,Y,Y,Y,평창한우불고기비빔밥,033-334-5100,033-334-5100,"수유실,쉼터",N,N
34,평창(인천 방향),고속국도,영동선,상행,37.610876,128.463363,일반휴게소,00:00,23:59,N,Y,Y,Y,N,N,Y,N,Y,Y,Y,평창한우국밥,033-333-6131,033-333-6131,"수유실,농산물판매장,쉼터",N,N
35,평택( 방향),고속국도,평택제천선,양방향,37.045585,126.943774,일반휴게소,00:00,23:59,N,Y,Y,Y,N,Y,Y,N,Y,Y,Y,평택나루사골우거지국밥,031-683-4800,031-683-4800,"수유실,수면실,샤워실,세탁실,농산물판매장,쉼터",Y,Y
36,평택( 방향),고속국도,평택제천선,양방향,37.045585,126.943774,일반휴게소,00:00,23:59,N,Y,Y,Y,N,Y,Y,N,Y,Y,Y,평택나루사골우거지국밥,031-683-4800,031-683-4800,"수유실,수면실,샤워실,세탁실,약국,쉼터",Y,Y
37,하남드림( 방향),고속국도,중부선,양방향,37.530281,127.206084,일반휴게소,00:00,23:59,N,Y,Y,Y,N,Y,Y,N,Y,Y,Y,하남마방장터국밥,031-791-4200,031-791-4200,"수유실,쉼터",N,N
38,함안(부산 방향),고속국도,남해선,상행,35.294068,128.346957,일반휴게소,00:00,23:59,N,Y,Y,Y,N,Y,Y,N,Y,Y,Y,연잎등심돈가스,055-582-2191,055-582-2191,"수유실,수면실,샤워실,세탁실,농산물판매장,쉼터",Y,N
39,함안(순천 방향),고속국도,남해선,하행,35.294701,128.344767,일반휴게소,00:00,23:59,N,Y,Y,N,N,Y,Y,N,Y,Y,Y,돼지짜글이백반,055-582-5470,055-582-5470,"수유실,쉼터",N,N
40,함양(대전 방향),고속국도,대전통영선,상행,35.551611,127.7604201,일반휴게소,00:00,23:59,N,Y,Y,Y,N,Y,Y,N,Y,Y,Y,새싹삼비빔밥,055-963-8001,055-963-8001,"수유실,농산물판매장,쉼터",N,N
41,함양(통영 방향),고속국도,대전통영선,하행,35.551322,127.758563,일반휴게소,00:00,23:59,N,Y,Y,Y,N,Y,Y,N,Y,Y,Y,새싹삼비빔밥,055-963-6717,055-963-6717,"수유실,농산물판매장,쉼터",N,N
42,함평나비(광주 방향),고속국도,무안광주선,상행,35.037283,126.511676,일반휴게소,00:00,23:59,N,Y,Y,Y,N,N,Y,N,Y,Y,Y,"사골김치찌개, 황태해장국",061-324-8840,061-324-8840,"수유실,쉼터",N,N
43,함평나비(무안 방향),고속국도,무안광주선,하행,35.038198,126.508813,일반휴게소,00:00,23:59,N,Y,Y,Y,N,N,Y,N,Y,Y,Y,"순두부청국장, 등심돈까스",061-324-8858,061-324-8858,"수유실,쉼터",N,N
44,함평천지(목포 방향),고속국도,서해안선,하행,35.069687,126.478247,일반휴게소,00:00,23:59,N,Y,N,Y,N,Y,Y,N,Y,Y,Y,"나주곰탕, 순두부찌개",061-323-3751,061-323-3751,"수유실,샤워실,쉼터",N,N
45,함평천지(서울 방향),고속국도,서해안선,상행,35.130746,126.482295,일반휴게소,00:00,23:59,N,Y,Y,Y,N,Y,Y,N,Y,Y,Y,"친환경 우렁 강된장 볶음, 몽글몽글 순두부찌개",061-323-3641,061-323-3641,"수유실,농산물판매장,쉼터",N,N
46,의성(영덕 방향),고속국도,상주영덕선,하행,36.409501,128.447699,일반휴게소,00:00,23:59,N,Y,Y,Y,N,Y,Y,N,Y,Y,Y,의성마늘곰탕,054-862-9252,054-862-9252,"수유실,쉼터",N,N
47,의성(청주 방향),고속국도,상주영덕선,상행,36.410954,128.4447101,일반휴게소,00:00,23:59,N,Y,Y,Y,N,N,Y,N,Y,Y,Y,의성마늘육개장,054-862-9076,054-862-9076,"수유실,쉼터",N,N
48,이서(순천 방향),고속국도,호남선,하행,35.803936,127.023705,화물차휴게소,00:00,23:59,N,Y,Y,Y,N,N,Y,N,Y,Y,Y,명품꼬막비빔밥,063-227-4114,063-227-4114,"수유실,수면실,샤워실,세탁실,쉼터",Y,N
49,이서(천안 방향),고속국도,호남선,상행,35.801932,127.025759,화물차휴게소,00:00,23:59,N,Y,Y,Y,N,Y,Y,N,Y,Y,Y,명품애호박국밥,063-236-2592,063-236-2592,"수유실,수면실,샤워실,세탁실,농산물판매장,쉼터",Y,N
50,이천(남이 방향),고속국도,중부선,하행,37.264574,127.403687,일반휴게소,00:00,23:59,N,Y,Y,Y,N,Y,Y,N,Y,Y,Y,장터국밥,031-637-0987,031-637-0987,수유실,N,N
51,이천(하남 방향),고속국도,중부선,상행,37.293979,127.378203,일반휴게소,00:00,23:59,N,Y,Y,Y,N,Y,Y,N,Y,Y,Y,영양돌솥비빔밥,031-638-1117,031-638-1117,"수유실,샤워실,농산물판매장,쉼터",N,Y
52,입장거봉포도(서울 방향),고속국도,경부선,상행,36.942997,127.192467,화물차휴게소,00:00,23:59,Y,Y,Y,Y,N,N,Y,N,Y,Y,Y,입장거봉포도돈까스,041-588-7868,041-588-7868,"수유실,수면실,샤워실,세탁실,농산물판매장,쉼터,이발소",Y,N
53,장유(서부산 방향),고속국도,남해선,하행,35.212074,128.7935801,일반휴게소,00:00,23:59,N,Y,Y,Y,N,N,Y,N,Y,Y,Y,통영해물순두부찌개,055-313-2610,055-313-2610,수유실,N,N
54,장흥정남진( 방향),고속국도,남해선,양방향,34.720894,126.931319,일반휴게소,00:00,23:59,N,Y,N,Y,N,Y,Y,N,Y,Y,Y,"장?V표고뚝배기불고기, 순두부찌개",061-864-5007,061-864-5007,"수유실,수면실,샤워실,세탁실,쉼터",Y,N
55,장흥정남진( 방향),고속국도,남해선,양방향,34.720894,126.931319,일반휴게소,00:00,23:59,N,Y,N,Y,N,Y,Y,N,Y,Y,Y,"장?V표고뚝배기불고기, 순두부찌개",061-864-5007,061-864-5007,"수유실,수면실,샤워실,세탁실,쉼터",Y,N
56,정읍녹두장군(순천 방향),고속국도,호남선,하행,35.601465,126.862006,일반휴게소,00:00,23:59,N,Y,Y,Y,N,Y,Y,N,Y,Y,Y,녹두장군오리탕,063-532-0510,063-532-0510,"수유실,농산물판매장",N,N
57,정읍녹두장군(순천 방향),고속국도,호남선,하행,35.599968,126.864341,일반휴게소,00:00,23:59,Y,Y,Y,Y,N,Y,Y,N,Y,Y,Y,산외한우뚝배기불고기,063-532-0510,063-532-0510,"수유실,농산물판매장",N,N
58,정읍녹두장군(천안 방향),고속국도,호남선,상행,35.599975,126.864336,일반휴게소,00:00,23:59,N,Y,Y,Y,N,N,Y,N,Y,Y,Y,정읍국밥,063-532-2373,063-532-2373,"수유실,농산물판매장",N,N
59,정읍녹두장군(천안 방향),고속국도,호남선,상행,35.601456,126.862006,일반휴게소,00:00,23:59,Y,Y,Y,Y,N,Y,Y,N,Y,Y,Y,복분자낙지연포탕,063-532-2373,063-532-2373,"수유실,농산물판매장",N,N
60,주암(순천 방향),고속국도,호남선,하행,35.076197,127.2641001,일반휴게소,00:00,23:59,N,Y,Y,Y,N,N,Y,N,Y,Y,Y,"한우파개장, 해물순두부",061-754-4980,061-754-4980,"수유실,쉼터",N,N
61,주암(천안 방향),고속국도,호남선,상행,35.076587,127.265762,일반휴게소,00:00,23:59,N,Y,Y,Y,N,Y,Y,N,Y,Y,Y,"오.쭈.삼 철판볶음, 제육볶음",061-754-2432,061-754-2432,"수유실,쉼터",N,N
62,죽암(부산 방향),고속국도,경부선,하행,36.4868101,127.429261,일반휴게소,00:00,23:59,N,Y,Y,Y,N,N,Y,N,Y,Y,Y,보은대추왕갈비탕,043-269-0850,043-269-0850,수유실,N,N
63,죽암(서울 방향),고속국도,경부선,상행,36.496775,127.4306501,일반휴게소,00:00,23:59,Y,Y,Y,Y,N,N,Y,N,Y,Y,Y,돌솥비빔밥,043-260-8035,043-260-8035,"수유실,쉼터",N,N
64,죽전(서울 방향),고속국도,경부선,상행,37.332371,127.104795,일반휴게소,00:00,23:59,N,Y,N,Y,N,N,Y,N,Y,Y,Y,용인특산품영양밥정식,031-262-3168,031-262-3168,"수유실,농산물판매장",N,Y
65,지리산(광주 방향),고속국도,광주대구선,하행,35.483942,127.567106,일반휴게소,00:00,23:59,N,Y,Y,Y,N,N,Y,N,Y,Y,Y,"춘향돌솥추어탕, 화덕고등어구이",063-636-7195,063-636-7195,"수유실,쉼터",N,N
66,지리산(대구 방향),고속국도,광주대구선,상행,35.481353,127.566804,일반휴게소,00:00,23:59,N,Y,Y,Y,N,N,Y,N,Y,Y,Y,"춘향돌솥추어탕, 화덕고등어구이",063-636-7191,063-636-7191,"수유실,농산물판매장,쉼터",N,N
67,진안마이산(익산 방향),고속국도,익산장수선,하행,35.777898,127.425279,일반휴게소,00:00,23:59,N,Y,Y,Y,N,N,Y,N,Y,Y,Y,흑돼지고추장찌개,063-432-1380,063-432-1380,"수유실,농산물판매장",N,N
68,진안마이산(장수 방향),고속국도,익산장수선,상행,35.7748201,127.426362,일반휴게소,00:00,23:59,N,Y,Y,Y,N,Y,Y,N,Y,Y,Y,흑돼지돈까스,063-432-6350,063-432-6350,"수유실,농산물판매장",N,N
69,진영(부산 방향),고속국도,남해선,상행,35.2779101,128.715388,일반휴게소,00:00,23:59,N,Y,Y,Y,N,Y,Y,N,Y,Y,Y,진영소국밥,055-334-8700,055-334-8700,"수유실,농산물판매장",N,N
70,진영(순천 방향),고속국도,남해선,하행,35.280059,128.716044,일반휴게소,00:00,23:59,Y,Y,Y,Y,N,Y,Y,N,Y,Y,Y,장군차갈비찜,055-342-3959,055-342-3959,수유실,N,N
71,진주(부산 방향),고속국도,남해선,상행,35.159772,128.1220101,일반휴게소,00:00,23:59,N,Y,Y,Y,N,Y,Y,N,Y,Y,Y,진주육전비빔밥,055-759-3205,055-759-3205,"수유실,쉼터",N,N
72,천등산(제천 방향),고속국도,평택제천선,하행,37.061597,127.939378,일반휴게소,00:00,23:59,N,Y,Y,Y,N,Y,Y,N,Y,Y,Y,천등산고추장짜글이,043-844-2991,043-844-2991,"수유실,농산물판매장,쉼터",N,N
73,천등산(평택 방향),고속국도,평택제천선,상행,37.076872,127.989171,일반휴게소,00:00,23:59,N,Y,N,Y,N,N,Y,N,Y,Y,Y,우렁순두부찌개,043-844-2930,043-844-2930,"수유실,농산물판매장,쉼터",N,N
74,천안삼거리(서울 방향),고속국도,경부선,상행,36.787809,127.173455,일반휴게소,00:00,23:59,N,Y,Y,Y,N,N,Y,Y,Y,Y,Y,해주비빔밥,041-551-2480,041-551-2480,"수유실,농산물판매장,약국,쉼터",N,Y
75,천안호두(부산 방향),고속국도,경부선,하행,36.730226,127.263879,일반휴게소,00:00,23:59,N,Y,Y,Y,N,Y,Y,N,Y,Y,Y,아우네병천순대국밥,041-552-4560,041-552-4560,"수유실,쉼터",N,N
76,청송(영덕 방향),고속국도,상주영덕선,상행,36.455725,129.0131901,일반휴게소,00:00,23:59,N,Y,N,N,N,Y,Y,N,Y,Y,Y,청송사과돈가스,054-873-9102,054-873-9102,수유실,N,N
77,청송(청주 방향),고속국도,상주영덕선,하행,36.456721,129.012028,일반휴게소,00:00,23:59,N,Y,N,Y,N,Y,Y,N,Y,Y,Y,청송사과돈가스,054-873-5911,054-873-5911,수유실,N,N
78,언양(서울 방향),고속국도,경부선,상행,35.597942,129.141801,일반휴게소,00:00,23:59,N,Y,Y,Y,N,Y,Y,N,Y,Y,Y,묵은지김치찌개,052-263-6153,052-263-6153,"수유실,수면실,샤워실,세탁실,쉼터",Y,N
79,여산(순천 방향),고속국도,호남선,하행,36.048555,127.102333,일반휴게소,00:00,23:59,N,Y,Y,Y,N,Y,Y,N,Y,Y,Y,미륵산해물순두부,063-836-5280,063-836-5280,"수유실,수면실,샤워실,세탁실,농산물판매장,쉼터",Y,N
80,여산(천안 방향),고속국도,호남선,상행,36.048528,127.104716,일반휴게소,00:00,23:59,N,Y,Y,N,N,Y,Y,N,Y,Y,Y,서동마여산양파제육불고기,063-836-5168,063-836-5168,"수유실,농산물판매장",N,N
81,여주(강릉 방향),고속국도,영동선,하행,37.238022,127.568892,일반휴게소,00:00,23:59,N,Y,Y,Y,N,Y,Y,N,Y,Y,Y,용대리황태해장국,031-882-3120,031-882-3120,"수유실,수면실,샤워실,세탁실,농산물판매장,쉼터",Y,N
82,여주(인천 방향),고속국도,영동선,상행,37.239739,127.569949,일반휴게소,00:00,23:59,N,Y,Y,Y,N,N,Y,N,Y,Y,Y,매운돼지갈비찜,031-882-2900,031-882-2900,"수유실,농산물판매장,쉼터",N,N
83,영산(창원 방향),고속국도,중부내륙지선,하행,35.429794,128.495915,일반휴게소,00:00,23:59,N,Y,Y,Y,N,N,Y,N,Y,Y,Y,창녕양파제육정식,055-521-2978,055-521-2978,"수유실,수면실,샤워실,세탁실,쉼터",Y,N
84,영천(대구 방향),고속국도,대구포항선,하행,36.053254,129.044422,화물차휴게소,00:00,23:59,N,Y,Y,Y,N,N,Y,N,Y,Y,Y,영천돼지짜글이,054-338-0037,054-338-0037,"수유실,수면실,샤워실,세탁실,쉼터",Y,N
85,영천(포항 방향),고속국도,대구포항선,상행,36.051451,129.042544,화물차휴게소,00:00,23:59,N,Y,Y,Y,N,N,Y,N,Y,Y,Y,영천뽕잎얼갈이해장국,054-338-0062,054-338-0062,"수유실,수면실,샤워실,세탁실,쉼터",Y,N
86,예산(당진 방향),고속국도,당진영덕선,하행,36.619429,126.846389,일반휴게소,00:00,23:59,N,Y,Y,Y,N,Y,Y,N,Y,Y,Y,사과돈가스,041-335-0020,041-335-0020,"수유실,수면실,샤워실,세탁실,농산물판매장,쉼터",Y,N
87,예산(대전 방향),고속국도,당진영덕선,상행,36.6234601,126.839619,일반휴게소,00:00,23:59,N,Y,Y,Y,N,Y,Y,N,Y,Y,Y,한방돼지국밥,041-334-0094,041-334-0094,"수유실,수면실,샤워실,세탁실,농산물판매장,쉼터",Y,N
88,오수(순천 방향),고속국도,순천완주선,하행,35.540925,127.309267,일반휴게소,00:00,23:59,N,Y,Y,Y,N,Y,Y,N,Y,Y,Y,"임실치즈 매콤돈까스, 임실치즈 식물성제육철판볶음밥",063-644-6116,063-644-6116,"수유실,수면실,샤워실,세탁실,농산물판매장,쉼터",Y,N
89,오수(완주 방향),고속국도,순천완주선,상행,35.540271,127.311622,일반휴게소,00:00,23:59,N,Y,Y,Y,N,N,Y,N,Y,Y,Y,"임실치즈 매콤돈까스, 임실치즈 식물성불고기철판볶음밥",063-644-5115,063-644-5115,"수유실,수면실,샤워실,세탁실,쉼터",Y,N
90,오창(남이 방향),고속국도,중부선,하행,36.758481,127.481777,일반휴게소,00:00,23:59,N,Y,N,Y,N,Y,Y,N,Y,Y,Y,능이버섯인삼설렁탕,043-217-1477,043-217-1477,수유실,N,N
91,오창(하남 방향),고속국도,중부선,상행,36.756581,127.481909,일반휴게소,00:00,23:59,N,Y,N,Y,N,Y,Y,N,Y,Y,Y,등심돈가스,043-217-8303,043-217-8303,"수유실,쉼터",N,N
92,옥계(속초 방향),고속국도,동해선,상행,37.616198,129.060129,일반휴게소,00:00,23:59,N,Y,Y,Y,N,Y,Y,N,Y,Y,Y,막국수,033-534-1700,033-534-1700,"수유실,쉼터",N,N
93,옥산(부산 방향),고속국도,경부선,하행,36.657743,127.369817,화물차휴게소,00:00,23:59,Y,Y,Y,Y,N,N,Y,N,Y,Y,Y,화덕고추장삼겹살,043-260-1053,043-260-1053,"수유실,수면실,샤워실,이발소",Y,N
94,옥천(부산 방향),고속국도,경부선,하행,36.296863,127.595223,화물차휴게소,00:00,23:59,Y,Y,Y,Y,N,N,Y,N,Y,Y,Y,숯불고기비빔밥,043-731-8521,043-731-8521,"수유실,수면실,샤워실,세탁실,쉼터,이발소",Y,N
95,옥천(서울 방향),고속국도,경부선,상행,36.297616,127.598777,일반휴게소,00:00,23:59,Y,Y,Y,Y,N,N,Y,N,Y,Y,Y,한방닭곰탕,043-731-8097,043-731-8097,"수유실,농산물판매장",N,N
96,옥천만남( 방향),고속국도,경부선,양방향,36.308718,127.572308,화물차휴게소,00:00,23:59,Y,Y,N,Y,N,Y,Y,N,N,Y,N,없음,043-732-0081,043-732-0081,"수면실,샤워실,세탁실",Y,Y
97,와촌(포항 방향),고속국도,대구포항선,상행,35.951819,128.775563,일반휴게소,00:00,23:59,N,Y,Y,Y,N,Y,Y,N,Y,Y,Y,대추고추장비빔밥,053-853-1002,053-853-1002,"수유실,농산물판매장,쉼터",N,N
98,외동(부산 방향),고속국도,울산포항선,하행,35.672753,129.285277,일반휴게소,00:00,23:59,N,Y,N,Y,N,Y,Y,N,Y,Y,Y,장터국밥,054-745-0637,054-745-0637,"수유실,쉼터",N,N
99,외동(포항 방향),고속국도,울산포항선,상행,35.672847,129.288543,일반휴게소,00:00,23:59,N,Y,N,Y,N,Y,Y,N,Y,Y,Y,천년한우국밥,054-745-0631,054-745-0631,"수유실,쉼터",N,N
100,용인(강릉 방향),고속국도,영동선,하행,37.245583,127.2419801,일반휴게소,00:00,23:59,N,Y,Y,Y,N,Y,Y,N,Y,Y,Y,소고기국밥,031-339-3663,031-339-3663,"수유실,쉼터",N,N
101,용인(인천 방향),고속국도,영동선,상행,37.248318,127.238342,일반휴게소,00:00,23:59,N,Y,Y,Y,N,Y,Y,N,Y,Y,Y,콩고기더덕돌솥비빔밥,031-339-3660,031-339-3660,"수유실,샤워실,쉼터",N,Y
102,울주(함양 방향),고속국도,밀양울산선,하행,35.5131601,129.128519,일반휴게소,00:00,23:59,N,Y,N,Y,N,N,Y,N,Y,Y,Y,고등어구이,052-933-5242,052-933-5242,"수유실,수면실,샤워실,세탁실,쉼터",Y,N
103,원주(부산 방향),고속국도,중앙선,하행,37.435194,127.929063,일반휴게소,00:00,23:59,N,Y,Y,Y,N,N,Y,N,Y,Y,Y,한우국밥,033-731-4291,033-731-4291,수유실,N,N
104,원주(춘천 방향),고속국도,중앙선,상행,37.434542,127.931768,일반휴게소,00:00,23:59,N,Y,Y,Y,N,N,Y,N,Y,Y,Y,한돈고추장불고기,033-731-8194,033-731-8194,수유실,N,N
105,음성(남이 방향),고속국도,중부선,하행,37.019638,127.480712,일반휴게소,00:00,23:59,N,Y,Y,Y,N,N,Y,N,Y,Y,Y,우거지별난국밥,043-878-6410,043-878-6410,"수유실,쉼터",N,N
106,음성(하남 방향),고속국도,중부선,상행,37.022065,127.484315,일반휴게소,00:00,23:59,N,Y,Y,Y,N,Y,Y,N,Y,Y,Y,음성인삼설렁탕,043-878-6403,043-878-6403,"수유실,농산물판매장,쉼터",N,N
107,사천(부산 방향),고속국도,남해선,상행,35.073173,128.010802,일반휴게소,00:00,23:59,N,Y,Y,Y,N,Y,Y,N,Y,Y,Y,건강버섯두부덮밥,055-854-3134,055-854-3134,"수유실,농산물판매장,쉼터",N,N
108,사천(순천 방향),고속국도,남해선,하행,35.074968,128.012589,일반휴게소,00:00,23:59,N,Y,Y,Y,N,Y,Y,N,Y,Y,Y,건강버섯두부덮밥,055-854-3547,055-854-3547,"수유실,샤워실,농산물판매장,쉼터",N,N
109,산청(대전 방향),고속국도,대전통영선,상행,35.333522,127.938998,일반휴게소,00:00,23:59,N,Y,Y,Y,N,Y,Y,N,Y,Y,Y,한방우불고기,055-973-5970,055-973-5970,"수유실,농산물판매장,쉼터",N,N
110,산청(통영 방향),고속국도,대전통영선,하행,35.333504,127.937049,일반휴게소,00:00,23:59,N,Y,Y,Y,N,N,Y,N,Y,Y,Y,한방우불고기,055-973-9036,055-973-9036,"수유실,농산물판매장,쉼터",N,N
111,서산(목포 방향),고속국도,서해안선,하행,36.742991,126.565029,일반휴게소,00:00,23:59,Y,Y,Y,Y,N,N,Y,N,Y,Y,Y,어리굴젓백반,041-688-8814,041-688-8814,"수유실,쉼터",N,N
112,서산(서울 방향),고속국도,서해안선,상행,36.734194,126.566302,일반휴게소,00:00,23:59,Y,Y,Y,Y,N,Y,Y,N,Y,Y,Y,불향제육덮밥,041-688-7714,041-688-7714,"수유실,농산물판매장,쉼터",N,N
113,서여주(양평 방향),고속국도,중부내륙,상행,37.278607,127.580501,간이휴게소,00:00,23:59,N,Y,Y,Y,N,N,Y,N,Y,Y,Y,조개살된장찌개,031-885-9760,031-885-9760,"수유실,쉼터",N,N
114,서여주(창원 방향),고속국도,중부내륙,하행,37.279412,127.578083,간이휴게소,00:00,23:59,N,Y,Y,Y,N,N,Y,N,Y,Y,Y,콩나물황태해장국,031-884-9714,031-884-9714,"수유실,쉼터",N,N
115,서울만남(부산 방향),고속국도,경부선,하행,37.460166,127.041908,일반휴게소,00:00,23:59,N,Y,Y,Y,N,Y,Y,N,Y,Y,Y,말죽거리소고기국밥,02-578-3372,02-578-3372,수유실,N,N
116,서천(목포 방향),고속국도,서해안선,하행,36.129505,126.626485,일반휴게소,00:00,23:59,N,Y,Y,Y,N,Y,Y,N,Y,Y,Y,동죽해물된장찌개,041-952-5757,041-952-5757,수유실,N,N
117,서천(서울 방향),고속국도,서해안선,상행,36.131929,126.627834,일반휴게소,00:00,23:59,N,Y,Y,Y,N,N,Y,N,Y,Y,Y,사골들깨순두부,041-952-9700,041-952-9700,수유실,N,N
118,선산(양평 방향),고속국도,중부내륙선,상행,36.277941,128.249296,일반휴게소,00:00,23:59,N,Y,Y,Y,Y,N,Y,N,Y,Y,Y,묵은지김치찌개,054-482-6011,054-482-6011,"수유실,농산물판매장,쉼터",N,N
119,선산(양평 방향),고속국도,중부내륙선,,36.27762304,128.2489747,일반휴게소,00:00,23:59,N,Y,Y,Y,Y,Y,Y,N,Y,Y,Y,,054-482-6011,054-482-6011,"수유실,농산물판매장,쉼터",N,N
120,선산(창원 방향),고속국도,중부내륙선,하행,36.274223,128.250745,일반휴게소,00:00,23:59,N,Y,Y,Y,Y,Y,Y,N,Y,Y,Y,능이버섯육개장,054-482-6031,054-482-6031,"수유실,농산물판매장,쉼터",N,N
121,선산(창원 방향),고속국도,중부내륙선,,36.27462729,128.2508171,일반휴게소,00:00,23:59,N,Y,Y,Y,Y,Y,Y,N,Y,Y,Y,,054-482-6031,054-482-6031,"수유실,농산물판매장,쉼터",N,N
122,섬진강(부산 방향),고속국도,호남선,상행,34.9847001,127.770697,일반휴게소,00:00,23:59,N,Y,N,Y,Y,Y,Y,N,Y,Y,Y,"재첩국, 광양 뚝배기불고기",061-772-7986,061-772-7986,"수유실,농산물판매장,쉼터",N,N
123,섬진강(순천 방향),고속국도,호남선,하행,34.985669,127.769329,일반휴게소,00:00,23:59,N,Y,N,Y,Y,N,Y,N,Y,Y,Y,"청매실 재첩비빔밥, 얼큰 순두부찌개",061-772-7993,061-772-7993,"수유실,쉼터",N,N
124,성주(양평 방향),고속국도,중부내륙선,상행,36.0082601,128.261541,화물차휴게소,00:00,23:59,N,Y,N,Y,N,Y,Y,N,Y,Y,Y,고추장제육볶음,054-933-0800,054-933-0800,"수유실,수면실,샤워실,세탁실,농산물판매장,쉼터",Y,N
125,성주(창원 방향),고속국도,중부내륙선,하행,36.010603,128.259675,화물차휴게소,00:00,23:59,N,Y,N,Y,N,N,Y,N,Y,Y,Y,참외 고추장 비빔밥,054-932-0800,054-932-0800,"수유실,수면실,샤워실,세탁실,농산물판매장,쉼터",Y,N
126,속리산(청주 방향),고속국도,당진영덕선,상행,36.447804,127.869061,일반휴게소,00:00,23:59,N,Y,Y,Y,N,N,Y,N,Y,Y,Y,보은대추영양솥밥,043-544-1466,043-544-1466,"수유실,수면실,농산물판매장,쉼터",N,N
127,순천(순천 방향),고속국도,호남선,하행,35.0085501,127.445044,간이휴게소,00:00,23:59,N,N,N,N,N,N,Y,N,Y,Y,Y,"함평 추어탕, 육개장",061-755-4982,061-755-4982,"수유실,쉼터",N,N
128,신탄진(서울 방향),고속국도,경부선,상행,36.426834,127.418438,화물차휴게소,00:00,23:59,Y,Y,Y,Y,N,Y,Y,N,Y,Y,Y,도가니설렁탕,042-934-2442,042-934-2442,"수유실,수면실,샤워실,쉼터",Y,N
129,안동(부산 방향),고속국도,중앙선,하행,36.553167,128.641923,일반휴게소,00:00,23:59,N,Y,Y,Y,N,Y,Y,N,Y,Y,Y,안동간고등어정식,054-853-4370,054-853-4370,"수유실,농산물판매장",N,N
130,안동(춘천 방향),고속국도,중앙선,상행,36.5534301,128.645144,일반휴게소,00:00,23:59,N,Y,Y,Y,N,Y,Y,N,Y,Y,Y,안동간고등어정식,054-853-4061,054-853-4061,"수유실,농산물판매장",N,N
131,안산( 방향),고속국도,영동선,양방향,37.351075,126.818799,일반휴게소,00:00,23:59,N,Y,Y,Y,N,Y,Y,N,Y,Y,Y,충청도식 돼지짜글이 정식,031-482-7775,031-482-7775,"수유실,샤워실,세탁실",N,N
132,안성(부산 방향),고속국도,경부선,하행,37.013407,127.1448001,일반휴게소,00:00,23:59,N,Y,Y,Y,N,N,Y,N,Y,Y,Y,안성국밥,031-655-0531,031-655-0531,"수유실,샤워실,세탁실",N,N
133,안성(서울 방향),고속국도,경부선,상행,37.076681,127.132496,일반휴게소,00:00,23:59,N,Y,Y,Y,N,Y,Y,N,Y,Y,Y,안성자연마춤한우국밥,031-611-5793,031-611-5793,"수유실,수면실,샤워실,세탁실,농산물판매장,병원,쉼터,이발소",Y,Y
134,안성맞춤(제천 방향),고속국도,평택제천선,하행,36.968057,127.274261,일반휴게소,00:00,23:59,N,Y,Y,Y,N,N,Y,N,Y,Y,Y,안성맞춤한우국밥,031-674-4406,031-674-4406,"수유실,농산물판매장",N,N
135,안성맞춤(평택 방향),고속국도,평택제천선,상행,36.969915,127.274619,일반휴게소,00:00,23:59,N,Y,Y,Y,N,N,Y,N,Y,Y,Y,안성맞춤국밥,031-673-3822,031-673-3822,수유실,N,N
136,양산(서울 방향),고속국도,경부선,상행,35.323172,129.056867,일반휴게소,00:00,23:59,N,Y,Y,Y,N,Y,Y,N,Y,Y,Y,묵은지돼지갈비찜,055-384-0144,055-384-0144,"수유실,쉼터",N,N
137,양산(서울 방향),고속국도,경부선,,35.323156,129.056855,일반휴게소,00:00,24:00,,Y,Y,Y,N,Y,Y,,Y,Y,Y,,055-384-0144,055-384-0144,"수유실,쉼터",N,N
138,덕유산(통영 방향),고속국도,대전통영선,하행,35.813428,127.643173,일반휴게소,00:00,23:59,N,Y,Y,Y,N,N,Y,N,Y,Y,Y,한우국밥,063-353-5100,063-353-5100,"수유실,농산물판매장",N,N
139,덕평(통합 방향),고속국도,영동선,양방향,37.241456,127.390189,일반휴게소,00:00,23:59,N,Y,Y,Y,N,Y,Y,N,Y,Y,Y,새우로제파스타,031-645-0001,031-645-0001,"수유실,농산물판매장,쉼터",N,N
140,동명(춘천 방향),고속국도,중앙선,상행,36.006426,128.5493901,일반휴게소,00:00,23:59,N,Y,Y,Y,N,N,Y,N,Y,Y,Y,돌솥비빔밥된장찌게정식,054-977-6901,054-977-6901,수유실,N,N
141,동해(삼척 방향),고속국도,동해선,하행,37.601776,129.073636,일반휴게소,00:00,23:59,N,Y,Y,Y,N,N,Y,N,Y,Y,Y,제육볶음,033-534-6631,033-534-6631,"수유실,쉼터",N,N
142,마장(통합 방향),고속국도,중부선,양방향,37.263849,127.407043,일반휴게소,00:00,23:59,N,Y,Y,Y,N,N,Y,N,Y,Y,Y,이천돌솥밥설렁탕,031-630-0001,031-630-0001,수유실,N,N
143,망향(부산 방향),고속국도,경부선,하행,36.8556501,127.180929,일반휴게소,00:00,23:59,Y,Y,Y,Y,N,Y,Y,N,Y,Y,Y,명품한우국밥,041-557-4000,041-557-4000,"수유실,농산물판매장,쉼터",N,N
144,매송(목포 방향),고속국도,서해안선,하행,37.265084,126.888544,화물차휴게소,00:00,23:59,N,Y,N,Y,N,Y,Y,N,Y,Y,Y,양갑조국밥,031-296-1501,031-296-1501,"수유실,수면실,샤워실,세탁실",Y,Y
145,매송(서울 방향),고속국도,서해안선,상행,37.264769,126.891795,화물차휴게소,00:00,23:59,N,Y,N,Y,N,Y,Y,N,Y,Y,Y,양갑조국밥,031-295-1501,031-295-1501,"수유실,수면실,샤워실,세탁실",Y,Y
146,문경(양평 방향),고속국도,중부내륙선,상행,36.621068,128.1523901,화물차휴게소,00:00,23:59,N,Y,Y,Y,N,N,Y,N,Y,Y,Y,짬뽕순두부,054-554-1610,054-554-1610,"수유실,수면실,샤워실,세탁실,농산물판매장,쉼터",Y,N
147,문경(창원 방향),고속국도,중부내륙선,하행,36.620549,128.149982,화물차휴게소,00:00,23:59,Y,Y,Y,Y,N,Y,Y,N,Y,Y,Y,곤드레비빔밥,054-554-1655,054-554-1655,"수유실,수면실,샤워실,세탁실,농산물판매장,쉼터",Y,N
148,문막(강릉 방향),고속국도,영동선,하행,37.335469,127.8582201,일반휴게소,00:00,23:59,N,Y,Y,Y,N,Y,Y,Y,Y,Y,Y,강릉식 순두부찌개,033-731-8481,033-731-8481,"수유실,약국,쉼터",N,N
149,문산(순천 방향),고속국도,남해선,하행,35.171374,128.151591,일반휴게소,00:00,23:59,N,Y,Y,Y,N,Y,Y,N,Y,Y,Y,엄마손된장찌개,055-761-2820,055-761-2820,"수유실,쉼터",N,N
150,문의청남대(영덕 방향),고속국도,당진영덕선,하행,36.542544,127.483797,일반휴게소,00:00,23:59,N,Y,N,N,N,Y,Y,N,Y,Y,Y,파채제육덮밥,043-715-2820,043-715-2820,"수유실,수면실,샤워실,세탁실,쉼터",N,N
151,문의청남대(청주 방향),고속국도,당진영덕선,상행,36.544083,127.484613,일반휴게소,00:00,23:59,N,Y,N,N,N,Y,Y,N,Y,Y,Y,버섯불고기정식,043-223-2820,043-223-2820,"수유실,수면실,샤워실,세탁실,쉼터",N,N
152,백양사(순천 방향),고속국도,호남선,하행,35.394425,126.805361,일반휴게소,00:00,23:59,N,Y,Y,Y,N,Y,Y,N,Y,Y,Y,"삼채된장찌개, 불고기돌솥비빔밥",061-394-9990,061-394-9990,"수유실,샤워실,농산물판매장,쉼터",N,N
153,백양사(천안 방향),고속국도,호남선,상행,35.393018,126.807376,일반휴게소,00:00,23:59,N,Y,Y,Y,N,N,Y,N,Y,Y,Y,"삼채애호박찌개, 녹차굴비백반",061-394-5177,061-394-5177,"수유실,샤워실,농산물판매장,쉼터",N,N
154,벌곡(논산 방향),고속국도,호남지선,하행,36.217974,127.273468,일반휴게소,00:00,23:59,N,Y,Y,Y,N,N,Y,N,Y,Y,Y,벌곡닭갈비,041-732-7694,041-732-7694,수유실,N,N
155,벌곡(대전 방향),고속국도,호남지선,상행,36.210451,127.270542,일반휴게소,00:00,23:59,N,Y,Y,Y,N,Y,Y,N,Y,Y,Y,촌돼지찌개,041-734-5250,041-734-5250,"수유실,수면실,샤워실,세탁실,쉼터",Y,N
156,보성녹차(순천 방향),고속국도,남해선,하행,34.807313,127.181003,간이휴게소,00:00,23:59,N,Y,Y,Y,N,Y,Y,N,Y,Y,Y,"보성꼬막비빔밥, 애호박고추장찌개",070-4325-8808,070-4325-8808,"수유실,쉼터",N,N
157,보성녹차(영암 방향),고속국도,남해선,상행,34.807313,127.181003,간이휴게소,00:00,23:59,N,Y,Y,Y,N,Y,Y,N,Y,Y,Y,"보성꼬막비빔밥, 애호박고추장찌개",070-4325-8801,070-4325-8801,"수유실,쉼터",N,N
158,부안고려청자(목포 방향),고속국도,서해안선,상행,35.671628,126.732073,일반휴게소,00:00,23:59,N,Y,N,N,N,Y,Y,N,Y,Y,Y,부안오디돈까스,063-776-8003,063-776-8003,"수유실,수면실,샤워실,세탁실,쉼터",Y,N
159,부안고려청자(서울 방향),고속국도,서해안선,상행,35.671598,126.734592,일반휴게소,00:00,23:59,N,Y,N,N,N,Y,Y,N,Y,Y,Y,부안오디돈까스,063-776-7002,063-776-7002,"수유실,수면실,샤워실,세탁실,농산물판매장,쉼터",Y,N
160,부여백제(공주 방향),고속국도,서천공주선,상행,36.258352,126.8000701,일반휴게소,00:00,23:59,N,Y,Y,Y,N,Y,Y,N,Y,Y,Y,표고버섯 된장찌개,041-833-5400,041-833-5400,수유실,N,N
161,부여백제(서천 방향),고속국도,서천공주선,하행,36.258383,126.796755,일반휴게소,00:00,23:59,N,Y,Y,Y,N,Y,Y,N,Y,Y,Y,얼큰 순두부찌개,041-834-5600,041-834-5600,"수유실,농산물판매장",N,N
162,단양팔경(춘천 방향),고속국도,중앙선,,36.939341,128.320788,일반휴게소,00:00,24:00,,Y,Y,Y,N,Y,Y,,,Y,Y,수제등심돈가스,043-421-1671,043-421-1671,"수유실,농산물판매장,쉼터",N,N
163,단양팔경(춘천 방향),고속국도,중앙선,하행,36.942903,128.322142,일반휴게소,00:00,23:59,N,Y,Y,Y,N,Y,Y,N,Y,Y,Y,마늘왕돈가스,043-421-1671,043-421-1671,"수유실,농산물판매장,쉼터",N,N
164,군산(목포 방향),고속국도,서해안선,하행,35.980591,126.828971,일반휴게소,00:00,23:59,N,Y,Y,Y,N,Y,Y,N,Y,Y,Y,해장아욱국밥,063-453-0402,063-453-0402,"수유실,샤워실,약국",N,N
165,군산(서울 방향),고속국도,서해안선,상행,36.018831,126.797698,일반휴게소,00:00,23:59,N,Y,Y,Y,N,Y,Y,N,Y,Y,Y,불고기비빔밥,063-453-2818,063-453-2818,"수유실,수면실,샤워실,세탁실,농산물판매장,쉼터",Y,N
166,군위(부산 방향),고속국도,중앙선,하행,36.266556,128.574852,일반휴게소,00:00,23:59,N,Y,Y,Y,N,N,Y,N,Y,Y,Y,강된장비빔밤,054-383-6114,054-383-6114,"수유실,농산물판매장",N,N
167,군위(춘천 방향),고속국도,중앙선,상행,36.266002,128.576774,일반휴게소,00:00,23:59,N,Y,Y,Y,N,N,Y,N,Y,Y,Y,강된장비빔밤,054-383-7114,054-383-7114,수유실,N,N
168,금강(부산 방향),고속국도,경부선,하행,36.279148,127.672231,일반휴게소,00:00,23:59,Y,Y,N,Y,N,N,Y,N,Y,Y,Y,도리뱅뱅정식,043-731-2233,043-731-2233,수유실,N,N
169,금산인삼랜드(대전 방향),고속국도,대전통영선,상행,36.154689,127.497681,일반휴게소,00:00,23:59,N,Y,Y,Y,Y,Y,Y,N,Y,Y,Y,인삼갈비탕,041-754-9200,041-754-9200,"수유실,농산물판매장",N,N
170,금산인삼랜드(통영 방향),고속국도,대전통영선,하행,36.152874,127.495954,일반휴게소,00:00,23:59,N,Y,Y,Y,Y,Y,Y,N,Y,Y,Y,인삼능이왕갈비탕,041-751-2892,041-751-2892,"수유실,농산물판매장",N,N
171,금왕(제천 방향),고속국도,평택제천선,하행,36.9694501,127.590845,일반휴게소,00:00,23:59,N,Y,Y,Y,N,Y,Y,N,Y,Y,Y,금왕인삼솥비빔밥,043-881-0001,043-881-0001,"수유실,농산물판매장,쉼터",N,N
172,금왕(평택 방향),고속국도,평택제천선,상행,36.970655,127.589499,일반휴게소,00:00,23:59,N,Y,Y,Y,N,Y,Y,N,Y,Y,Y,금왕인삼불고기,043-877-7000,043-877-7000,"수유실,농산물판매장,쉼터",N,N
173,기흥(부산 방향),고속국도,경부선,하행,37.235125,127.104595,일반휴게소,00:00,23:59,N,Y,Y,Y,N,N,Y,N,Y,Y,Y,옛날흑돼지돈가스,031-286-5001,031-286-5001,수유실,N,Y
174,김천(부산 방향),고속국도,경부선,하행,36.129252,128.164782,화물차휴게소,00:00,23:59,N,Y,Y,Y,N,Y,Y,N,Y,Y,Y,대구궁중육개장,054-435-0211,054-435-0211,"수유실,수면실,샤워실,세탁실,농산물판매장,쉼터",Y,N
175,김천(서울 방향),고속국도,경부선,상행,36.131107,128.164009,화물차휴게소,00:00,23:59,N,Y,Y,Y,N,N,Y,N,Y,Y,Y,지례흑돼지제육?쳄?,054-433-1523,054-433-1523,"수유실,수면실,샤워실,세탁실,농산물판매장,쉼터",Y,N
176,김해금관가야( 방향),고속국도,부산외곽선,양방향,35.269933,129.003134,일반휴게소,00:00,23:59,N,Y,N,Y,N,N,Y,N,Y,Y,Y,제육덮밥,055-312-2820,055-312-2820,"수유실,쉼터",N,N
177,남성주참외(양평 방향),고속국도,중부내륙선,상행,35.858422,128.319904,일반휴게소,00:00,23:59,N,Y,Y,Y,N,N,Y,N,Y,Y,Y,화덕흑돼지불고기,054-931-5741,054-931-5741,"수유실,수면실,샤워실,세탁실,농산물판매장,쉼터",Y,N
178,남성주참외(창원 방향),고속국도,중부내륙선,하행,35.869015,128.316816,일반휴게소,00:00,23:59,N,Y,Y,Y,N,N,Y,N,Y,Y,Y,화덕흑돼지불고기,054-933-7105,054-933-7105,"수유실,수면실,샤워실,세탁실,농산물판매장,쉼터",Y,N
179,논공(광주 방향),고속국도,광주대구선,하행,35.767421,128.403493,일반휴게소,00:00,23:59,N,Y,Y,Y,N,N,Y,N,Y,Y,Y,대구육개장,070-4304-0600,070-4304-0600,수유실,N,N
180,논공(대구 방향),고속국도,광주대구선,상행,35.764989,128.402909,일반휴게소,00:00,23:59,N,Y,Y,Y,N,N,Y,N,Y,Y,Y,대구 연근덮밥,070-4304-0620,070-4304-0620,"수유실,농산물판매장",N,N
181,단양팔경(부산 방향),고속국도,중앙선,상행,36.995459,128.287616,일반휴게소,00:00,23:59,N,Y,Y,Y,N,Y,Y,N,Y,Y,Y,새뱅이해물순두부,043-423-5401,043-423-5401,"수유실,농산물판매장,쉼터",N,N
182,대천(목포 방향),고속국도,서해안선,하행,36.372995,126.555684,일반휴게소,00:00,23:59,Y,Y,Y,Y,N,N,Y,N,Y,Y,Y,순두부찌개,041-931-6901,041-931-6901,"수유실,농산물판매장,쉼터",N,N
183,대천(서울 방향),고속국도,서해안선,상행,36.374457,126.558327,일반휴게소,00:00,23:59,Y,Y,Y,Y,N,N,Y,N,Y,Y,Y,돌솥비빔밥,041-931-6801,041-931-6801,"수유실,농산물판매장,쉼터",N,N
184,덕유산(대전 방향),고속국도,대전통영선,상행,35.816481,127.646149,일반휴게소,00:00,23:59,N,Y,Y,Y,N,N,Y,N,Y,Y,Y,흑돼지김치찌개,063-353-4200,063-353-4200,"수유실,농산물판매장",N,N
185,괴산(창원 방향),고속국도,중부내륙선,,36.8317868,127.959603,일반휴게소,00:00,23:59,N,Y,Y,Y,N,Y,Y,N,Y,Y,Y,,043-832-7966,043-832-7966,"수유실,농산물판매장,쉼터",N,N
186,괴산(창원 방향),고속국도,중부내륙선,하행,36.831456,127.957845,일반휴게소,00:00,23:59,N,Y,Y,Y,N,Y,Y,N,Y,Y,Y,괴산짜글이찌개,043-832-7966,043-832-7966,"수유실,농산물판매장,쉼터",N,N
187,괴산(양평 방향),고속국도,중부내륙선,,36.83146126,127.958292,일반휴게소,00:00,23:59,N,Y,Y,Y,N,Y,Y,N,Y,Y,Y,,043-832-6594,043-832-6594,"수유실,농산물판매장",N,N
188,강릉(강릉 방향),고속국도,영동선,하행,37.758206,128.806648,일반휴게소,00:00,23:59,N,Y,Y,Y,N,Y,Y,N,Y,Y,Y,뚝배기불고기,033-648-8850,033-648-8850,"수유실,쉼터",N,N
189,강릉(인천 방향),고속국도,영동선,상행,37.760275,128.8053601,일반휴게소,00:00,23:59,N,Y,Y,Y,N,Y,Y,N,Y,Y,Y,"초당몽글순두부,초당두부황태해장국",033-647-9970,033-647-9970,"수유실,농산물판매장,쉼터",N,N
190,강천산(광주 방향),고속국도,광주대구선,하행,35.3657501,127.105451,일반휴게소,00:00,23:59,N,Y,N,Y,N,N,Y,N,Y,Y,Y,"순창고추장 돌솥비빔밥, 차돌박이 된장찌개",063-653-4033,063-653-4033,"수유실,농산물판매장,쉼터",N,N
191,강천산(대구 방향),고속국도,광주대구선,상행,35.364369,127.104757,간이휴게소,00:00,23:59,N,Y,N,Y,N,Y,Y,N,Y,Y,Y,"순창고추장 돌솥비빔밥, 차돌박이 된장찌개",063-653-3050,063-653-3050,"수유실,농산물판매장,쉼터",N,N
192,거창(광주 방향),고속국도,광주대구선,하행,35.708862,128.057962,일반휴게소,00:00,23:59,N,Y,Y,Y,N,N,Y,N,Y,Y,Y,돼지고기김치찌개,055-943-0992,055-943-0992,"수유실,농산물판매장",N,N
193,거창(대구 방향),고속국도,광주대구선,상행,35.706469,128.056945,일반휴게소,00:00,23:59,N,Y,N,Y,N,N,Y,N,Y,Y,Y,왕돈가스,055-943-9534,055-943-9534,"수유실,농산물판매장",N,N
194,건천(부산 방향),고속국도,경부선,하행,35.830716,129.1093101,간이휴게소,00:00,23:59,N,Y,N,Y,N,Y,Y,N,Y,Y,Y,누구나돌솥비빔밥,054-751-6890,054-751-6890,수유실,N,N
195,건천(서울 방향),고속국도,경부선,상행,35.831894,129.109244,일반휴게소,00:00,23:59,N,Y,N,Y,N,Y,Y,N,Y,Y,Y,건천버섯차돌된장찌개,054-751-7401,054-751-7401,"수유실,농산물판매장",N,N
196,경산(서울 방향),고속국도,경부선,상행,35.879323,128.810331,일반휴게소,00:00,23:59,N,Y,Y,Y,N,N,Y,N,Y,Y,Y,돼지갈비정식,053-852-5243,053-852-5243,"수유실,수면실,샤워실,세탁실,쉼터",Y,N
197,경주(부산 방향),고속국도,경부선,하행,35.724761,129.1929501,화물차휴게소,00:00,23:59,N,Y,Y,Y,N,Y,Y,N,Y,Y,Y,경주천년한우국밥,054-748-3195,054-748-3195,"수유실,수면실,샤워실,세탁실,쉼터",Y,N
198,고성공룡나라(대전 방향),고속국도,대전통영선,상행,35.056665,128.252359,일반휴게소,00:00,23:59,N,Y,Y,Y,N,Y,Y,N,Y,Y,Y,꼬막비빔밥,055-674-0494,055-674-0494,"수유실,쉼터",N,N
199,고성공룡나라(통영 방향),고속국도,대전통영선,하행,35.0518101,128.262763,화물차휴게소,00:00,23:59,N,Y,Y,Y,N,Y,Y,N,Y,Y,Y,해물순두부,055-674-7028,055-674-7028,"수유실,수면실,샤워실,세탁실,쉼터",Y,N
200,고창고인돌(목포 방향),고속국도,서해안선,하행,35.468653,126.673871,일반휴게소,00:00,23:59,Y,Y,Y,Y,N,N,Y,N,Y,Y,Y,고창장어탕,063-561-6313,063-561-6313,"수유실,농산물판매장",N,N
201,고창고인돌(서울 방향),고속국도,서해안선,상행,35.4620701,126.673477,일반휴게소,00:00,23:59,N,Y,Y,Y,N,N,Y,N,Y,Y,Y,장어탕,063-561-6323,063-561-6323,"수유실,농산물판매장",Y,N
202,곡성(순천 방향),고속국도,호남선,하행,35.258498,127.150737,일반휴게소,00:00,23:59,N,Y,Y,Y,N,N,Y,N,Y,Y,Y,"입맛없을땐 짜글이, 흑돼지 김치찌개",061-363-2766,061-363-2766,"수유실,농산물판매장,쉼터",N,N
203,곡성(순천 방향),고속국도,호남고속도로,,35.25837545,127.1510125,일반휴게소,00:00,00:00,,Y,Y,Y,N,,Y,,,Y,Y,,061-363-2766,061-363-2766,"수유실,농산물판매장,쉼터",N,N
204,곡성(천안 방향),고속국도,호남선,상행,35.259632,127.152741,일반휴게소,00:00,23:59,N,Y,Y,Y,N,Y,Y,N,Y,Y,Y,"제육덮밥, 사골우거지국밥",061-362-8300,061-362-8300,"수유실,수면실,샤워실,쉼터",N,N
205,공주(당진 방향),고속국도,당진영덕선,하행,36.498679,127.164921,일반휴게소,00:00,23:59,N,Y,Y,Y,N,N,Y,N,Y,Y,Y,공주알밤돌솥비빔밥,041-854-0050,041-854-0050,"수유실,농산물판매장",N,N
206,공주(대전 방향),고속국도,당진영덕선,상행,36.496946,127.1666701,일반휴게소,00:00,23:59,N,Y,Y,Y,N,N,Y,N,Y,Y,Y,공주알밤돌솥비빔밥,041-854-6060,041-854-6060,"수유실,농산물판매장",N,N
207,구리(일산 방향),고속국도,수도권제1순환선,하행,37.628023,127.139237,일반휴게소,00:00,23:59,N,Y,N,Y,N,N,Y,N,Y,Y,Y,초당해물순두부,031-529-3564,031-529-3564,수유실,N,N
208,구정(삼척 방향),고속국도,동해선,하행,37.722214,128.8511601,일반휴게소,00:00,23:59,N,Y,N,Y,N,N,Y,N,Y,Y,Y,통등심돈까스,033-644-8345,033-644-8345,수유실,N,N
209,구정(속초 방향),고속국도,동해선,상행,37.723012,128.854228,일반휴게소,00:00,23:59,N,Y,N,Y,N,Y,Y,N,Y,Y,Y,옛날돈까스,033-644-4760,033-644-4760,수유실,N,N
